{
  "timestamp": "2025-09-09T23:14:38.467728",
  "workload_config": {
    "bulk_writes_per_second": 5000,
    "continuous_writes_per_second": 2000,
    "reads_per_second": 8000,
    "number_of_readable_secondaries": 2,
    "readable_secondary_size_cu": 2,
    "data_stored_gb": 250,
    "estimated_data_deleted_daily_gb": 5,
    "number_of_continuous_pipelines": 2,
    "expected_data_per_sync_gb": 20,
    "sync_mode": "SNAPSHOT",
    "sync_frequency": "Per day",
    "promotion_percentage": 50.0,
    "restore_windows_days": 7
  },
  "cost_breakdown": {
    "bulk_cu": 0.35714285714285715,
    "continuous_cu": 1.3333333333333333,
    "read_cu": 0.8,
    "total_cu": 2.4904761904761905,
    "recommended_cu": 4,
    "main_instance_cost": 583.3333333333334,
    "readable_secondaries_cost": 583.3333333333334,
    "total_compute_cost": 1166.6666666666667,
    "storage_cost": 86.25,
    "continuous_sync_cost": 1096,
    "triggered_sync_cost": 5.444444444444444,
    "total_sync_cost": 1101.4444444444443,
    "estimated_sync_time_hours": 0.25925925925925924,
    "total_monthly_cost": 2354.3611111111113,
    "cost_per_gb": 9.417444444444445,
    "cost_per_qps": 0.15695740740740743,
    "cost_per_cu": 588.5902777777778
  }
}